Id,target_days
INC0028205,0
INC0028208,0
INC0028209,0
INC0028210,0
INC0028211,0
INC0028212,0
INC0028213,0
INC0028214,0
INC0028215,0
INC0028216,0
INC0028218,0
INC0028219,0
INC0028221,0
INC0028222,0
INC0028223,0
INC0028224,0
INC0028225,0
INC0028226,0
INC0028227,0
INC0028228,0
INC0028229,0
INC0028231,0
INC0028232,0
INC0028233,0
INC0028234,0
INC0028235,0
INC0028238,0
INC0028239,0
INC0028240,0
INC0028241,0
INC0028243,0
INC0028244,0
INC0028245,0
INC0028246,0
INC0028247,0
INC0028248,0
INC0028249,0
INC0028250,0
INC0028251,0
INC0028253,0
INC0028254,0
INC0028255,0
INC0028257,0
INC0028258,0
INC0028259,0
INC0028260,0
INC0028261,0
INC0028262,0
INC0028263,0
INC0028265,0
INC0028266,0
INC0028267,0
INC0028268,0
INC0028269,0
INC0028270,0
INC0028271,0
INC0028272,0
INC0028273,0
INC0028274,0
INC0028275,0
INC0028276,0
INC0028278,0
INC0028279,0
INC0028281,0
INC0028283,0
INC0028284,0
INC0028285,0
INC0028287,0
INC0028288,0
INC0028289,0
INC0028290,0
INC0028291,0
INC0028292,0
INC0028293,0
INC0028294,0
INC0028295,0
INC0028296,0
INC0028298,0
INC0028301,0
INC0028302,0
INC0028304,0
INC0028305,0
INC0028306,0
INC0028307,0
INC0028308,0
INC0028311,0
INC0028312,0
INC0028313,0
INC0028314,0
INC0028315,0
INC0028316,0
INC0028317,0
INC0028319,0
INC0028320,0
INC0028321,0
INC0028323,0
INC0028324,0
INC0028325,0
INC0028327,0
INC0028329,0
INC0028330,0
INC0028331,0
INC0028332,0
INC0028333,0
INC0028334,0
INC0028335,0
INC0028336,0
INC0028339,0
INC0028341,0
INC0028343,0
INC0028344,0
INC0028345,0
INC0028346,0
INC0028347,0
INC0028348,0
INC0028349,0
INC0028351,0
INC0028352,0
INC0028353,0
INC0028354,0
INC0028355,0
INC0028356,0
INC0028357,0
INC0028358,0
INC0028360,0
INC0028363,0
INC0028364,0
INC0028365,0
INC0028366,0
INC0028368,0
INC0028369,0
INC0028371,0
INC0028373,0
INC0028374,0
INC0028375,0
INC0028378,0
INC0028379,0
INC0028380,0
INC0028381,0
INC0028384,0
INC0028385,0
INC0028387,0
INC0028388,0
INC0028389,0
INC0028391,0
INC0028392,0
INC0028393,0
INC0028394,0
INC0028395,0
INC0028396,0
INC0028398,0
INC0028400,0
INC0028401,0
INC0028402,0
INC0028403,0
INC0028404,0
INC0028405,0
INC0028407,0
INC0028409,0
INC0028410,0
INC0028411,0
INC0028412,0
INC0028413,0
INC0028414,0
INC0028415,0
INC0028416,0
INC0028417,0
INC0028418,0
INC0028419,0
INC0028421,0
INC0028422,0
INC0028426,0
INC0028428,0
INC0028429,0
INC0028430,0
INC0028431,0
INC0028432,0
INC0028433,0
INC0028435,0
INC0028436,0
INC0028437,0
INC0028438,0
INC0028439,0
INC0028440,0
INC0028441,0
INC0028442,0
INC0028446,0
INC0028450,0
INC0028452,0
INC0028453,0
INC0028454,0
INC0028455,0
INC0028456,0
INC0028457,0
INC0028458,0
INC0028459,0
INC0028462,0
INC0028463,0
INC0028464,0
INC0028465,0
INC0028466,0
INC0028469,0
INC0028470,0
INC0028471,0
INC0028472,0
INC0028473,0
INC0028474,0
INC0028475,0
INC0028476,0
INC0028477,0
INC0028478,0
INC0028479,0
INC0028480,0
INC0028482,0
INC0028483,0
INC0028484,0
INC0028485,0
INC0028486,0
INC0028488,0
INC0028489,0
INC0028490,0
INC0028491,0
INC0028493,0
INC0028494,0
INC0028495,0
INC0028497,0
INC0028498,0
INC0028499,0
INC0028500,0
INC0028501,0
INC0028502,0
INC0028503,0
INC0028504,0
INC0028505,0
INC0028506,0
INC0028507,0
INC0028508,0
INC0028509,0
INC0028510,0
INC0028511,0
INC0028512,0
INC0028514,0
INC0028517,0
INC0028518,0
INC0028519,0
INC0028521,0
INC0028522,0
INC0028524,0
INC0028528,0
INC0028530,0
INC0028532,0
INC0028533,0
INC0028535,0
INC0028536,0
INC0028540,0
INC0028541,0
INC0028542,0
INC0028544,0
INC0028545,0
INC0028546,0
INC0028547,0
INC0028554,0
INC0028555,0
INC0028556,0
INC0028560,0
INC0028563,0
INC0028564,0
INC0028565,0
INC0028566,0
INC0028567,0
INC0028568,0
INC0028569,0
INC0028570,0
INC0028571,0
INC0028572,0
INC0028573,0
INC0028574,0
INC0028575,0
INC0028576,0
INC0028577,0
INC0028578,0
INC0028579,0
INC0028580,0
INC0028581,0
INC0028582,0
INC0028583,0
INC0028584,0
INC0028585,0
INC0028586,0
INC0028587,0
INC0028592,0
INC0028594,0
INC0028595,0
INC0028596,0
INC0028597,0
INC0028598,0
INC0028600,0
INC0028602,0
INC0028603,0
INC0028604,0
INC0028606,0
INC0028607,0
INC0028608,0
INC0028609,0
INC0028610,0
INC0028611,0
INC0028612,0
INC0028613,0
INC0028614,0
INC0028615,0
INC0028616,0
INC0028617,0
INC0028620,0
INC0028621,0
INC0028622,0
INC0028623,0
INC0028626,0
INC0028627,0
INC0028628,0
INC0028629,0
INC0028630,0
INC0028631,0
INC0028632,0
INC0028633,0
INC0028634,0
INC0028635,0
INC0028636,0
INC0028639,0
INC0028640,0
INC0028641,0
INC0028642,0
INC0028643,0
INC0028644,0
INC0028645,0
INC0028646,0
INC0028648,0
INC0028649,0
INC0028651,0
INC0028652,0
INC0028653,0
INC0028654,0
INC0028655,0
INC0028657,0
INC0028658,0
INC0028659,0
INC0028660,0
INC0028661,0
INC0028662,0
INC0028663,0
INC0028664,0
INC0028665,0
INC0028666,0
INC0028667,0
INC0028668,0
INC0028669,0
INC0028673,0
INC0028675,0
INC0028677,0
INC0028678,0
INC0028679,0
INC0028680,0
INC0028681,0
INC0028682,0
INC0028683,0
INC0028684,0
INC0028685,0
INC0028686,0
INC0028687,0
INC0028688,0
INC0028689,0
INC0028692,0
INC0028693,0
INC0028695,0
INC0028696,0
INC0028697,0
INC0028698,0
INC0028699,0
INC0028700,0
INC0028701,0
INC0028703,0
INC0028704,0
INC0028706,0
INC0028707,0
INC0028709,0
INC0028712,0
INC0028715,0
INC0028716,0
INC0028719,0
INC0028720,0
INC0028721,0
INC0028722,0
INC0028723,0
INC0028724,0
INC0028725,0
INC0028726,0
INC0028728,0
INC0028729,0
INC0028730,0
INC0028731,0
INC0028733,0
INC0028734,0
INC0028735,0
INC0028736,0
INC0028737,0
INC0028738,0
INC0028739,0
INC0028740,0
INC0028741,0
INC0028742,0
INC0028744,0
INC0028746,0
INC0028747,0
INC0028748,0
INC0028749,0
INC0028750,0
INC0028751,0
INC0028752,0
INC0028753,0
INC0028754,0
INC0028756,0
INC0028757,0
INC0028759,0
INC0028760,0
INC0028761,0
INC0028763,0
INC0028764,0
INC0028767,0
INC0028769,0
INC0028772,0
INC0028773,0
INC0028774,0
INC0028775,0
INC0028776,0
INC0028778,0
INC0028779,0
INC0028781,0
INC0028784,0
INC0028785,0
INC0028786,0
INC0028787,0
INC0028788,0
INC0028789,0
INC0028790,0
INC0028791,0
INC0028792,0
INC0028794,0
INC0028796,0
INC0028799,0
INC0028800,0
INC0028801,0
INC0028803,0
INC0028804,0
INC0028805,0
INC0028806,0
INC0028808,0
INC0028809,0
INC0028810,0
INC0028811,0
INC0028812,0
INC0028813,0
INC0028814,0
INC0028815,0
INC0028816,0
INC0028817,0
INC0028818,0
INC0028820,0
INC0028821,0
INC0028822,0
INC0028823,0
INC0028824,0
INC0028825,0
INC0028826,0
INC0028827,0
INC0028828,0
INC0028829,0
INC0028830,0
INC0028831,0
INC0028832,0
INC0028833,0
INC0028834,0
INC0028837,0
INC0028839,0
INC0028840,0
INC0028841,0
INC0028842,0
INC0028843,0
INC0028844,0
INC0028845,0
INC0028846,0
INC0028847,0
INC0028850,0
INC0028852,0
INC0028853,0
INC0028854,0
INC0028855,0
INC0028856,0
INC0028858,0
INC0028859,0
INC0028860,0
INC0028862,0
INC0028863,0
INC0028865,0
INC0028866,0
INC0028867,0
INC0028868,0
INC0028870,0
INC0028874,0
INC0028876,0
INC0028877,0
INC0028878,0
INC0028882,0
INC0028883,0
INC0028884,0
INC0028885,0
INC0028892,0
INC0028893,0
INC0028894,0
INC0028895,0
INC0028896,0
INC0028897,0
INC0028898,0
INC0028899,0
INC0028900,0
INC0028901,0
INC0028907,0
INC0028908,0
INC0028909,0
INC0028910,0
INC0028911,0
INC0028912,0
INC0028913,0
INC0028914,0
INC0028915,0
INC0028916,0
INC0028918,0
INC0028920,0
INC0028923,0
INC0028924,0
INC0028925,0
INC0028926,0
INC0028928,0
INC0028929,0
INC0028930,0
INC0028932,0
INC0028933,0
INC0028935,0
INC0028938,0
INC0028940,0
INC0028941,0
INC0028942,0
INC0028943,0
INC0028944,0
INC0028945,0
INC0028951,0
INC0028955,0
INC0028956,0
INC0028957,0
INC0028959,0
INC0028962,0
INC0028963,0
INC0028964,0
INC0028965,0
INC0028967,0
INC0028968,0
INC0028970,0
INC0028971,0
INC0028972,0
INC0028973,0
INC0028974,0
INC0028975,0
INC0028977,0
INC0028978,0
INC0028981,0
INC0028982,0
INC0028983,0
INC0028984,0
INC0028986,0
INC0028988,0
INC0028994,0
INC0028995,0
INC0028996,0
INC0028997,0
INC0028999,0
INC0029001,0
INC0029002,0
INC0029005,0
INC0029006,0
INC0029007,0
INC0029008,0
INC0029009,0
INC0029010,0
INC0029011,0
INC0029012,0
INC0029013,0
INC0029014,0
INC0029015,0
INC0029016,0
INC0029017,0
INC0029018,0
INC0029022,0
INC0029023,0
INC0029024,0
INC0029025,0
INC0029026,0
INC0029027,0
INC0029028,0
INC0029029,0
INC0029030,0
INC0029031,0
INC0029032,0
INC0029033,0
INC0029034,0
INC0029035,0
INC0029036,0
INC0029037,0
INC0029038,0
INC0029039,0
INC0029040,0
INC0029041,0
INC0029042,0
INC0029043,0
INC0029044,0
INC0029046,0
INC0029047,0
INC0029048,0
INC0029049,0
INC0029050,0
INC0029051,0
INC0029052,0
INC0029053,0
INC0029054,0
INC0029055,0
INC0029056,0
INC0029057,0
INC0029058,0
INC0029060,0
INC0029061,0
INC0029062,0
INC0029064,0
INC0029066,0
INC0029067,0
INC0029068,0
INC0029069,0
INC0029070,0
INC0029072,0
INC0029073,0
INC0029074,0
INC0029075,0
INC0029076,0
INC0029077,0
INC0029079,0
INC0029080,0
INC0029082,0
INC0029084,0
INC0029085,0
INC0029087,0
INC0029088,0
INC0029089,0
INC0029090,0
INC0029091,0
INC0029092,0
INC0029093,0
INC0029094,0
INC0029096,0
INC0029097,0
INC0029098,0
INC0029100,0
INC0029102,0
INC0029103,0
INC0029104,0
INC0029105,0
INC0029106,0
INC0029107,0
INC0029109,0
INC0029110,0
INC0029111,0
INC0029112,0
INC0029113,0
INC0029114,0
INC0029115,0
INC0029116,0
INC0029117,0
INC0029118,0
INC0029120,0
INC0029121,0
INC0029122,0
INC0029123,0
INC0029124,0
INC0029125,0
INC0029126,0
INC0029127,0
INC0029129,0
INC0029131,0
INC0029132,0
INC0029133,0
INC0029134,0
INC0029136,0
INC0029137,0
INC0029138,0
INC0029140,0
INC0029141,0
INC0029142,0
INC0029143,0
INC0029144,0
INC0029145,0
INC0029146,0
INC0029147,0
INC0029150,0
INC0029151,0
INC0029152,0
INC0029153,0
INC0029155,0
INC0029158,0
INC0029159,0
INC0029161,0
INC0029163,0
INC0029164,0
INC0029165,0
INC0029166,0
INC0029167,0
INC0029168,0
INC0029169,0
INC0029170,0
INC0029172,0
INC0029173,0
INC0029174,0
INC0029178,0
INC0029179,0
INC0029180,0
INC0029183,0
INC0029184,0
INC0029185,0
INC0029186,0
INC0029187,0
INC0029188,0
INC0029189,0
INC0029191,0
INC0029193,0
INC0029195,0
INC0029196,0
INC0029197,0
INC0029198,0
INC0029199,0
INC0029200,0
INC0029202,0
INC0029204,0
INC0029206,0
INC0029207,0
INC0029208,0
INC0029209,0
INC0029210,0
INC0029211,0
INC0029212,0
INC0029215,0
INC0029216,0
INC0029217,0
INC0029219,0
INC0029220,0
INC0029221,0
INC0029222,0
INC0029224,0
INC0029225,0
INC0029226,0
INC0029227,0
INC0029229,0
INC0029230,0
INC0029231,0
INC0029232,0
INC0029233,0
INC0029235,0
INC0029239,0
INC0029240,0
INC0029241,0
INC0029242,0
INC0029243,0
INC0029244,0
INC0029246,0
INC0029248,0
INC0029249,0
INC0029250,0
INC0029251,0
INC0029252,0
INC0029253,0
INC0029254,0
INC0029255,0
INC0029256,0
INC0029257,0
INC0029258,0
INC0029260,0
INC0029261,0
INC0029263,0
INC0029264,0
INC0029265,0
INC0029267,0
INC0029268,0
INC0029269,0
INC0029270,0
INC0029272,0
INC0029273,0
INC0029274,0
INC0029275,0
INC0029277,0
INC0029278,0
INC0029282,0
INC0029283,0
INC0029284,0
INC0029285,0
INC0029286,0
INC0029287,0
INC0029288,0
INC0029289,0
INC0029290,0
INC0029291,0
INC0029292,0
INC0029293,0
INC0029294,0
INC0029295,0
INC0029296,0
INC0029297,0
INC0029298,0
INC0029300,0
INC0029302,0
INC0029304,0
INC0029305,0
INC0029306,0
INC0029311,0
INC0029312,0
INC0029313,0
INC0029317,0
INC0029318,0
INC0029319,0
INC0029320,0
INC0029322,0
INC0029323,0
INC0029324,0
INC0029326,0
INC0029328,0
INC0029329,0
INC0029330,0
INC0029331,0
INC0029332,0
INC0029333,0
INC0029334,0
INC0029335,0
INC0029337,0
INC0029338,0
INC0029339,0
INC0029341,0
INC0029342,0
INC0029343,0
INC0029344,0
INC0029346,0
INC0029347,0
INC0029348,0
INC0029349,0
INC0029350,0
INC0029352,0
INC0029353,0
INC0029354,0
INC0029355,0
INC0029356,0
INC0029357,0
INC0029358,0
INC0029359,0
INC0029360,0
INC0029362,0
INC0029363,0
INC0029364,0
INC0029365,0
INC0029366,0
INC0029367,0
INC0029368,0
INC0029369,0
INC0029370,0
INC0029372,0
INC0029373,0
INC0029374,0
INC0029375,0
INC0029377,0
INC0029378,0
INC0029379,0
INC0029381,0
INC0029382,0
INC0029383,0
INC0029386,0
INC0029387,0
INC0029388,0
INC0029389,0
INC0029390,0
INC0029391,0
INC0029392,0
INC0029393,0
INC0029394,0
INC0029395,0
INC0029398,0
INC0029399,0
INC0029400,0
INC0029401,0
INC0029402,0
INC0029403,0
INC0029404,0
INC0029405,0
INC0029407,0
INC0029408,0
INC0029410,0
INC0029411,0
INC0029413,0
INC0029415,0
INC0029416,0
INC0029417,0
INC0029418,0
INC0029419,0
INC0029420,0
INC0029421,0
INC0029422,0
INC0029423,0
INC0029424,0
INC0029425,0
INC0029426,0
INC0029427,0
INC0029428,0
INC0029429,0
INC0029430,0
INC0029431,0
INC0029432,0
INC0029433,0
INC0029434,0
INC0029435,0
INC0029436,0
INC0029437,0
INC0029438,0
INC0029439,0
INC0029440,0
INC0029441,0
INC0029442,0
INC0029443,0
INC0029445,0
INC0029447,0
INC0029448,0
INC0029449,0
INC0029450,0
INC0029451,0
INC0029453,0
INC0029455,0
INC0029456,0
INC0029458,0
INC0029459,0
INC0029460,0
INC0029461,0
INC0029462,0
INC0029463,0
INC0029464,0
INC0029465,0
INC0029466,0
INC0029467,0
INC0029468,0
INC0029469,0
INC0029470,0
INC0029471,0
INC0029473,0
INC0029475,0
INC0029476,0
INC0029478,0
INC0029480,0
INC0029481,0
INC0029482,0
INC0029485,0
INC0029486,0
INC0029489,0
INC0029490,0
INC0029492,0
INC0029493,0
INC0029495,0
INC0029496,0
INC0029498,0
INC0029499,0
INC0029500,0
INC0029501,0
INC0029502,0
INC0029503,0
INC0029505,0
INC0029506,0
INC0029508,0
INC0029509,0
INC0029510,0
INC0029511,0
INC0029512,0
INC0029514,0
INC0029517,0
INC0029518,0
INC0029519,0
INC0029522,0
INC0029524,0
INC0029526,0
INC0029527,0
INC0029529,0
INC0029530,0
INC0029531,0
INC0029532,0
INC0029533,0
INC0029534,0
INC0029535,0
INC0029536,0
INC0029539,0
INC0029540,0
INC0029541,0
INC0029542,0
INC0029544,0
INC0029545,0
INC0029546,0
INC0029547,0
INC0029548,0
INC0029550,0
INC0029551,0
INC0029552,0
INC0029553,0
INC0029554,0
INC0029556,0
INC0029557,0
INC0029559,0
INC0029560,0
INC0029561,0
INC0029563,0
INC0029564,0
INC0029569,0
INC0029570,0
INC0029571,0
INC0029572,0
INC0029573,0
INC0029575,0
INC0029576,0
INC0029577,0
INC0029578,0
INC0029580,0
INC0029583,0
INC0029584,0
INC0029586,0
INC0029587,0
INC0029588,0
INC0029589,0
INC0029590,0
INC0029591,0
INC0029592,0
INC0029593,0
INC0029594,0
INC0029595,0
INC0029596,0
INC0029597,0
INC0029598,0
INC0029601,0
INC0029602,0
INC0029604,0
INC0029605,0
INC0029606,0
INC0029607,0
INC0029608,0
INC0029609,0
INC0029610,0
INC0029611,0
INC0029612,0
INC0029614,0
INC0029615,0
INC0029616,0
INC0029617,0
INC0029618,0
INC0029619,0
INC0029620,0
INC0029622,0
INC0029626,0
INC0029627,0
INC0029628,0
INC0029629,0
INC0029630,0
INC0029631,0
INC0029632,0
INC0029634,0
INC0029635,0
INC0029637,0
INC0029638,0
INC0029639,0
INC0029640,0
INC0029641,0
INC0029644,0
INC0029645,0
INC0029646,0
INC0029647,0
INC0029648,0
INC0029652,0
INC0029653,0
INC0029654,0
INC0029655,0
INC0029656,0
INC0029657,0
INC0029658,0
INC0029659,0
INC0029660,0
INC0029661,0
INC0029663,0
INC0029665,0
INC0029666,0
INC0029667,0
INC0029668,0
INC0029669,0
INC0029671,0
INC0029672,0
INC0029673,0
INC0029674,0
INC0029675,0
INC0029676,0
INC0029677,0
INC0029678,0
INC0029679,0
INC0029680,0
INC0029681,0
INC0029682,0
INC0029683,0
INC0029684,0
INC0029685,0
INC0029686,0
INC0029687,0
INC0029688,0
INC0029690,0
INC0029691,0
INC0029693,0
INC0029695,0
INC0029696,0
INC0029697,0
INC0029699,0
INC0029700,0
INC0029701,0
INC0029702,0
INC0029704,0
INC0029705,0
INC0029706,0
INC0029707,0
INC0029708,0
INC0029710,0
INC0029712,0
INC0029713,0
INC0029714,0
INC0029715,0
INC0029716,0
INC0029717,0
INC0029718,0
INC0029719,0
INC0029721,0
INC0029722,0
INC0029723,0
INC0029724,0
INC0029725,0
INC0029726,0
INC0029727,0
INC0029728,0
INC0029729,0
INC0029730,0
INC0029731,0
INC0029732,0
INC0029733,0
INC0029734,0
INC0029735,0
INC0029736,0
INC0029737,0
INC0029738,0
INC0029740,0
INC0029745,0
INC0029746,0
INC0029747,0
INC0029748,0
INC0029749,0
INC0029750,0
INC0029752,0
INC0029753,0
INC0029754,0
INC0029755,0
INC0029757,0
INC0029758,0
INC0029760,0
INC0029763,0
INC0029764,0
INC0029765,0
INC0029766,0
INC0029767,0
INC0029769,0
INC0029770,0
INC0029771,0
INC0029772,0
INC0029773,0
INC0029774,0
INC0029775,0
INC0029778,0
INC0029779,0
INC0029780,0
INC0029781,0
INC0029782,0
INC0029785,0
INC0029788,0
INC0029789,0
INC0029790,0
INC0029791,0
INC0029792,0
INC0029794,0
INC0029795,0
INC0029796,0
INC0029797,0
INC0029798,0
INC0029800,0
INC0029801,0
INC0029802,0
INC0029803,0
INC0029804,0
INC0029805,0
INC0029806,0
INC0029807,0
INC0029809,0
INC0029811,0
INC0029812,0
INC0029813,0
INC0029814,0
INC0029815,0
INC0029819,0
INC0029820,0
INC0029822,0
INC0029823,0
INC0029825,0
INC0029828,0
INC0029830,0
INC0029831,0
INC0029833,0
INC0029835,0
INC0029837,0
INC0029839,0
INC0029840,0
INC0029843,0
INC0029844,0
INC0029846,0
INC0029853,0
INC0029856,0
INC0029858,0
INC0029859,0
INC0029860,0
INC0029861,0
INC0029862,0
INC0029864,0
INC0029865,0
INC0029867,0
INC0029868,0
INC0029869,0
INC0029872,0
INC0029875,0
INC0029876,0
INC0029877,0
INC0029878,0
INC0029880,0
INC0029881,0
INC0029882,0
INC0029883,0
INC0029884,0
INC0029885,0
INC0029886,0
INC0029887,0
INC0029888,0
INC0029889,0
INC0029890,0
INC0029891,0
INC0029892,0
INC0029893,0
INC0029894,0
INC0029895,0
INC0029896,0
INC0029897,0
INC0029898,0
INC0029899,0
INC0029900,0
INC0029902,0
INC0029904,0
INC0029905,0
INC0029906,0
INC0029907,0
INC0029908,0
INC0029913,0
INC0029914,0
INC0029915,0
INC0029919,0
INC0029920,0
INC0029921,0
INC0029922,0
INC0029923,0
INC0029924,0
INC0029926,0
INC0029928,0
INC0029929,0
INC0029930,0
INC0029931,0
INC0029932,0
INC0029933,0
INC0029934,0
INC0029936,0
INC0029937,0
INC0029938,0
INC0029939,0
INC0029941,0
INC0029942,0
INC0029943,0
INC0029946,0
INC0029947,0
INC0029948,0
INC0029950,0
INC0029951,0
INC0029952,0
INC0029953,0
INC0029954,0
INC0029955,0
INC0029956,0
INC0029957,0
INC0029959,0
INC0029961,0
INC0029962,0
INC0029963,0
INC0029964,0
INC0029965,0
INC0029966,0
INC0029967,0
INC0029968,0
INC0029971,0
INC0029972,0
INC0029975,0
INC0029976,0
INC0029977,0
INC0029978,0
INC0029979,0
INC0029980,0
INC0029981,0
INC0029982,0
INC0029983,0
INC0029984,0
INC0029985,0
INC0029986,0
INC0029987,0
INC0029990,0
INC0029991,0
INC0029992,0
INC0029993,0
INC0029994,0
INC0029995,0
INC0029996,0
INC0029997,0
INC0029998,0
INC0029999,0
INC0030000,0
INC0030002,0
INC0030003,0
INC0030004,0
INC0030006,0
INC0030007,0
INC0030008,0
INC0030009,0
INC0030011,0
INC0030012,0
INC0030013,0
INC0030014,0
INC0030015,0
INC0030016,0
INC0030017,0
INC0030018,0
INC0030019,0
INC0030021,0
INC0030022,0
INC0030023,0
INC0030024,0
INC0030026,0
INC0030027,0
INC0030028,0
INC0030029,0
INC0030030,0
INC0030032,0
INC0030033,0
INC0030034,0
INC0030035,0
INC0030036,0
INC0030037,0
INC0030038,0
INC0030039,0
INC0030040,0
INC0030041,0
INC0030042,0
INC0030043,0
INC0030044,0
INC0030045,0
INC0030046,0
INC0030047,0
INC0030048,0
INC0030049,0
INC0030051,0
INC0030052,0
INC0030053,0
INC0030054,0
INC0030055,0
INC0030056,0
INC0030059,0
INC0030061,0
INC0030062,0
INC0030065,0
INC0030066,0
INC0030067,0
INC0030068,0
INC0030069,0
INC0030070,0
INC0030071,0
INC0030073,0
INC0030074,0
INC0030076,0
INC0030077,0
INC0030078,0
INC0030079,0
INC0030082,0
INC0030083,0
INC0030084,0
INC0030086,0
INC0030089,0
INC0030091,0
INC0030093,0
INC0030095,0
INC0030096,0
INC0030097,0
INC0030099,0
INC0030100,0
INC0030101,0
INC0030106,0
INC0030107,0
INC0030109,0
INC0030110,0
INC0030111,0
INC0030112,0
INC0030113,0
INC0030114,0
INC0030115,0
INC0030117,0
INC0030118,0
INC0030120,0
INC0030121,0
INC0030122,0
INC0030124,0
INC0030125,0
INC0030126,0
INC0030127,0
INC0030132,0
INC0030133,0
INC0030134,0
INC0030135,0
INC0030136,0
INC0030138,0
INC0030139,0
INC0030140,0
INC0030141,0
INC0030142,0
INC0030143,0
INC0030144,0
INC0030146,0
INC0030147,0
INC0030148,0
INC0030149,0
INC0030150,0
INC0030151,0
INC0030152,0
INC0030153,0
INC0030154,0
INC0030155,0
INC0030156,0
INC0030157,0
INC0030158,0
INC0030160,0
INC0030162,0
INC0030163,0
INC0030164,0
INC0030166,0
INC0030168,0
INC0030169,0
INC0030170,0
INC0030174,0
INC0030175,0
INC0030176,0
INC0030177,0
INC0030178,0
INC0030179,0
INC0030180,0
INC0030181,0
INC0030182,0
INC0030185,0
INC0030186,0
INC0030187,0
INC0030189,0
INC0030191,0
INC0030192,0
INC0030194,0
INC0030195,0
INC0030196,0
INC0030197,0
INC0030198,0
INC0030199,0
INC0030200,0
INC0030201,0
INC0030202,0
INC0030203,0
INC0030204,0
INC0030205,0
INC0030207,0
INC0030208,0
INC0030209,0
INC0030210,0
INC0030212,0
INC0030213,0
INC0030214,0
INC0030215,0
INC0030217,0
INC0030218,0
INC0030219,0
INC0030220,0
INC0030221,0
INC0030222,0
INC0030223,0
INC0030224,0
INC0030225,0
INC0030226,0
INC0030227,0
INC0030228,0
INC0030229,0
INC0030231,0
INC0030232,0
INC0030233,0
INC0030235,0
INC0030236,0
INC0030237,0
INC0030238,0
INC0030239,0
INC0030240,0
INC0030241,0
INC0030242,0
INC0030243,0
INC0030244,0
INC0030245,0
INC0030248,0
INC0030250,0
INC0030251,0
INC0030252,0
INC0030253,0
INC0030254,0
INC0030256,0
INC0030257,0
INC0030258,0
INC0030259,0
INC0030260,0
INC0030262,0
INC0030264,0
INC0030265,0
INC0030266,0
INC0030267,0
INC0030270,0
INC0030273,0
INC0030274,0
INC0030275,0
INC0030276,0
INC0030278,0
INC0030279,0
INC0030280,0
INC0030283,0
INC0030284,0
INC0030286,0
INC0030287,0
INC0030288,0
INC0030290,0
INC0030291,0
INC0030292,0
INC0030293,0
INC0030294,0
INC0030295,0
INC0030296,0
INC0030298,0
INC0030299,0
INC0030300,0
INC0030302,0
INC0030303,0
INC0030304,0
INC0030305,0
INC0030306,0
INC0030307,0
INC0030308,0
INC0030309,0
INC0030310,0
INC0030311,0
INC0030312,0
INC0030313,0
INC0030314,0
INC0030315,0
INC0030316,0
INC0030317,0
INC0030318,0
INC0030320,0
INC0030322,0
INC0030324,0
INC0030325,0
INC0030326,0
INC0030327,0
INC0030329,0
INC0030330,0
INC0030331,0
INC0030332,0
INC0030334,0
INC0030335,0
INC0030336,0
INC0030339,0
INC0030340,0
INC0030342,0
INC0030343,0
INC0030344,0
INC0030345,0
INC0030347,0
INC0030348,0
INC0030352,0
INC0030353,0
INC0030354,0
INC0030355,0
INC0030357,0
INC0030358,0
INC0030360,0
INC0030361,0
INC0030362,0
INC0030363,0
INC0030364,0
INC0030365,0
INC0030366,0
INC0030367,0
INC0030368,0
INC0030369,0
INC0030370,0
INC0030371,0
INC0030373,0
INC0030374,0
INC0030376,0
INC0030378,0
INC0030379,0
INC0030380,0
INC0030381,0
INC0030382,0
INC0030384,0
INC0030385,0
INC0030386,0
INC0030387,0
INC0030388,0
INC0030389,0
INC0030390,0
INC0030391,0
INC0030392,0
INC0030395,0
INC0030397,0
INC0030399,0
INC0030401,0
INC0030402,0
INC0030404,0
INC0030405,0
INC0030406,0
INC0030408,0
INC0030409,0
INC0030410,0
INC0030411,0
INC0030412,0
INC0030413,0
INC0030414,0
INC0030416,0
INC0030417,0
INC0030418,0
INC0030420,0
INC0030421,0
INC0030422,0
INC0030424,0
INC0030425,0
INC0030426,0
INC0030427,0
INC0030428,0
INC0030429,0
INC0030430,0
INC0030431,0
INC0030432,0
INC0030433,0
INC0030435,0
INC0030437,0
INC0030438,0
INC0030439,0
INC0030440,0
INC0030442,0
INC0030443,0
INC0030444,0
INC0030445,0
INC0030446,0
INC0030447,0
INC0030448,0
INC0030451,0
INC0030452,0
INC0030453,0
INC0030454,0
INC0030456,0
INC0030457,0
INC0030458,0
INC0030460,0
INC0030461,0
INC0030462,0
INC0030463,0
INC0030464,0
INC0030465,0
INC0030466,0
INC0030467,0
INC0030468,0
INC0030469,0
INC0030471,0
INC0030472,0
INC0030473,0
INC0030474,0
INC0030476,0
INC0030477,0
INC0030478,0
INC0030479,0
INC0030480,0
INC0030481,0
INC0030483,0
INC0030484,0
INC0030485,0
INC0030486,0
INC0030487,0
INC0030489,0
INC0030490,0
INC0030491,0
INC0030492,0
INC0030493,0
INC0030494,0
INC0030495,0
INC0030497,0
INC0030498,0
INC0030500,0
INC0030502,0
INC0030503,0
INC0030504,0
INC0030505,0
INC0030506,0
INC0030507,0
INC0030508,0
INC0030509,0
INC0030510,0
INC0030511,0
INC0030512,0
INC0030513,0
INC0030514,0
INC0030515,0
INC0030516,0
INC0030517,0
INC0030520,0
INC0030521,0
INC0030523,0
INC0030525,0
INC0030526,0
INC0030527,0
INC0030528,0
INC0030530,0
INC0030531,0
INC0030532,0
INC0030535,0
INC0030536,0
INC0030537,0
INC0030538,0
INC0030542,0
INC0030544,0
INC0030545,0
INC0030546,0
INC0030547,0
INC0030548,0
INC0030550,0
INC0030553,0
INC0030554,0
INC0030555,0
INC0030556,0
INC0030558,0
INC0030559,0
INC0030560,0
INC0030561,0
INC0030562,0
INC0030563,0
INC0030567,0
INC0030568,0
INC0030569,0
INC0030570,0
INC0030571,0
INC0030573,0
INC0030574,0
INC0030575,0
INC0030576,0
INC0030577,0
INC0030579,0
INC0030580,0
INC0030581,0
INC0030582,0
INC0030583,0
INC0030585,0
INC0030586,0
INC0030588,0
INC0030590,0
INC0030591,0
INC0030592,0
INC0030593,0
INC0030594,0
INC0030595,0
INC0030597,0
INC0030598,0
INC0030601,0
INC0030602,0
INC0030603,0
INC0030605,0
INC0030606,0
INC0030607,0
INC0030608,0
INC0030609,0
INC0030611,0
INC0030613,0
INC0030614,0
INC0030615,0
INC0030616,0
INC0030617,0
INC0030618,0
INC0030619,0
INC0030620,0
INC0030623,0
INC0030624,0
INC0030625,0
INC0030626,0
INC0030627,0
INC0030629,0
INC0030630,0
INC0030631,0
INC0030632,0
INC0030634,0
INC0030635,0
INC0030636,0
INC0030637,0
INC0030638,0
INC0030639,0
INC0030640,0
INC0030641,0
INC0030643,0
INC0030644,0
INC0030645,0
INC0030646,0
INC0030647,0
INC0030648,0
INC0030649,0
INC0030651,0
INC0030652,0
INC0030653,0
INC0030655,0
INC0030656,0
INC0030657,0
INC0030658,0
INC0030659,0
INC0030660,0
INC0030661,0
INC0030662,0
INC0030663,0
INC0030664,0
INC0030666,0
INC0030667,0
INC0030668,0
INC0030669,0
INC0030670,0
INC0030673,0
INC0030674,0
INC0030675,0
INC0030676,0
INC0030678,0
INC0030679,0
INC0030680,0
INC0030681,0
INC0030682,0
INC0030683,0
INC0030686,0
INC0030687,0
INC0030688,0
INC0030690,0
INC0030691,0
INC0030692,0
INC0030696,0
INC0030697,0
INC0030698,0
INC0030699,0
INC0030700,0
INC0030702,0
INC0030703,0
INC0030704,0
INC0030705,0
INC0030707,0
INC0030708,0
INC0030710,0
INC0030712,0
INC0030714,0
INC0030716,0
INC0030717,0
INC0030718,0
INC0030719,0
INC0030721,0
INC0030723,0
INC0030726,0
INC0030727,0
INC0030728,0
INC0030729,0
INC0030730,0
INC0030733,0
INC0030734,0
INC0030735,0
INC0030736,0
INC0030737,0
INC0030738,0
INC0030739,0
INC0030741,0
INC0030742,0
INC0030746,0
INC0030747,0
INC0030748,0
INC0030749,0
INC0030750,0
INC0030751,0
INC0030752,0
INC0030753,0
INC0030756,0
INC0030757,0
INC0030758,0
INC0030759,0
INC0030760,0
INC0030761,0
INC0030762,0
INC0030763,0
INC0030765,0
INC0030766,0
INC0030767,0
INC0030768,0
INC0030769,0
INC0030770,0
INC0030771,0
INC0030772,0
INC0030773,0
INC0030775,0
INC0030776,0
INC0030777,0
INC0030778,0
INC0030779,0
INC0030780,0
INC0030782,0
INC0030783,0
INC0030786,0
INC0030788,0
INC0030789,0
INC0030791,0
INC0030792,0
INC0030793,0
INC0030800,0
INC0030801,0
INC0030802,0
INC0030803,0
INC0030804,0
INC0030805,0
INC0030806,0
INC0030807,0
INC0030808,0
INC0030809,0
INC0030810,0
INC0030811,0
INC0030812,0
INC0030814,0
INC0030816,0
INC0030818,0
INC0030820,0
INC0030821,0
INC0030823,0
INC0030824,0
INC0030825,0
INC0030826,0
INC0030827,0
INC0030829,0
INC0030830,0
INC0030832,0
INC0030833,0
INC0030834,0
INC0030835,0
INC0030836,0
INC0030837,0
INC0030838,0
INC0030839,0
INC0030840,0
INC0030841,0
INC0030842,0
INC0030843,0
INC0030846,0
INC0030847,0
INC0030849,0
INC0030850,0
INC0030852,0
INC0030853,0
INC0030855,0
INC0030856,0
INC0030857,0
INC0030860,0
INC0030861,0
INC0030863,0
INC0030864,0
INC0030865,0
INC0030866,0
INC0030867,0
INC0030868,0
INC0030869,0
INC0030870,0
INC0030872,0
INC0030873,0
INC0030874,0
INC0030875,0
INC0030876,0
INC0030878,0
INC0030879,0
INC0030880,0
INC0030881,0
INC0030882,0
INC0030883,0
INC0030884,0
INC0030885,0
INC0030886,0
INC0030887,0
INC0030888,0
INC0030889,0
INC0030890,0
INC0030891,0
INC0030892,0
INC0030893,0
INC0030894,0
INC0030895,0
INC0030896,0
INC0030897,0
INC0030898,0
INC0030899,0
INC0030900,0
INC0030901,0
INC0030903,0
INC0030905,0
INC0030906,0
INC0030907,0
INC0030908,0
INC0030909,0
INC0030910,0
INC0030911,0
INC0030912,0
INC0030914,0
INC0030916,0
INC0030917,0
INC0030918,0
INC0030919,0
INC0030920,0
INC0030922,0
INC0030923,0
INC0030924,0
INC0030927,0
INC0030928,0
INC0030929,0
INC0030931,0
INC0030932,0
INC0030933,0
INC0030934,0
INC0030935,0
INC0030936,0
INC0030938,0
INC0030939,0
INC0030943,0
INC0030945,0
INC0030946,0
INC0030947,0
INC0030948,0
INC0030949,0
INC0030950,0
INC0030951,0
INC0030954,0
INC0030956,0
INC0030957,0
INC0030958,0
INC0030961,0
INC0030962,0
INC0030964,0
INC0030965,0
INC0030967,0
INC0030968,0
INC0030971,0
INC0030975,0
INC0030976,0
INC0030977,0
INC0030978,0
INC0030979,0
INC0030980,0
INC0030982,0
INC0030983,0
INC0030984,0
INC0030985,0
INC0030986,0
INC0030987,0
INC0030988,0
INC0030990,0
INC0030991,0
INC0030992,0
INC0030994,0
INC0030995,0
INC0030996,0
INC0030997,0
INC0030998,0
INC0030999,0
INC0031000,0
INC0031002,0
INC0031003,0
INC0031004,0
INC0031005,0
INC0031006,0
INC0031007,0
INC0031011,0
INC0031013,0
INC0031014,0
INC0031016,0
INC0031017,0
INC0031018,0
INC0031019,0
INC0031020,0
INC0031021,0
INC0031022,0
INC0031023,0
INC0031024,0
INC0031026,0
INC0031027,0
INC0031028,0
INC0031029,0
INC0031030,0
INC0031032,0
INC0031033,0
INC0031034,0
INC0031035,0
INC0031036,0
INC0031037,0
INC0031039,0
INC0031040,0
INC0031042,0
INC0031043,0
INC0031046,0
INC0031047,0
INC0031049,0
INC0031051,0
INC0031052,0
INC0031053,0
INC0031055,0
INC0031056,0
INC0031057,0
INC0031058,0
INC0031059,0
INC0031060,0
INC0031061,0
INC0031062,0
INC0031063,0
INC0031064,0
INC0031065,0
INC0031066,0
INC0031068,0
INC0031069,0
INC0031071,0
INC0031072,0
INC0031073,0
INC0031074,0
INC0031075,0
INC0031076,0
INC0031077,0
INC0031078,0
INC0031079,0
INC0031081,0
INC0031082,0
INC0031085,0
INC0031086,0
INC0031087,0
INC0031088,0
INC0031089,0
INC0031090,0
INC0031091,0
INC0031093,0
INC0031094,0
INC0031095,0
INC0031097,0
INC0031098,0
INC0031099,0
INC0031100,0
INC0031101,0
INC0031103,0
INC0031104,0
INC0031106,0
INC0031108,0
INC0031109,0
INC0031110,0
INC0031112,0
INC0031114,0
INC0031117,0
INC0031118,0
INC0031119,0
INC0031120,0
INC0031122,0
INC0031127,0
INC0031128,0
INC0031129,0
INC0031130,0
INC0031131,0
INC0031133,0
INC0031134,0
INC0031135,0
INC0031136,0
INC0031137,0
INC0031138,0
INC0031139,0
INC0031141,0
INC0031142,0
INC0031144,0
INC0031146,0
INC0031147,0
INC0031148,0
INC0031149,0
INC0031151,0
INC0031152,0
INC0031153,0
INC0031154,0
INC0031155,0
INC0031156,0
INC0031157,0
INC0031158,0
INC0031159,0
INC0031160,0
INC0031161,0
INC0031163,0
INC0031164,0
INC0031165,0
INC0031166,0
INC0031167,0
INC0031170,0
INC0031171,0
INC0031172,0
INC0031173,0
INC0031174,0
INC0031176,0
INC0031178,0
INC0031179,0
INC0031180,0
INC0031181,0
INC0031182,0
INC0031183,0
INC0031184,0
INC0031185,0
INC0031186,0
INC0031187,0
INC0031188,0
INC0031189,0
INC0031190,0
INC0031191,0
INC0031192,0
INC0031193,0
INC0031194,0
INC0031195,0
INC0031196,0
INC0031199,0
INC0031200,0
INC0031201,0
INC0031202,0
INC0031203,0
INC0031204,0
INC0031206,0
INC0031207,0
INC0031209,0
INC0031211,0
INC0031213,0
INC0031214,0
INC0031215,0
INC0031216,0
INC0031217,0
INC0031218,0
INC0031223,0
INC0031225,0
INC0031229,0
INC0031230,0
INC0031231,0
INC0031232,0
INC0031233,0
INC0031238,0
INC0031239,0
INC0031240,0
INC0031241,0
INC0031243,0
INC0031247,0
INC0031249,0
INC0031251,0
INC0031252,0
INC0031253,0
INC0031254,0
INC0031255,0
INC0031256,0
INC0031257,0
INC0031259,0
INC0031260,0
INC0031262,0
INC0031263,0
INC0031264,0
INC0031265,0
INC0031267,0
INC0031268,0
INC0031269,0
INC0031271,0
INC0031275,0
INC0031276,0
INC0031277,0
INC0031279,0
INC0031280,0
INC0031284,0
INC0031286,0
INC0031287,0
INC0031289,0
INC0031290,0
INC0031291,0
INC0031292,0
INC0031295,0
INC0031296,0
INC0031297,0
INC0031298,0
INC0031300,0
INC0031301,0
INC0031302,0
INC0031303,0
INC0031304,0
INC0031305,0
INC0031306,0
INC0031307,0
INC0031308,0
INC0031309,0
INC0031310,0
INC0031311,0
INC0031312,0
INC0031313,0
INC0031314,0
INC0031315,0
INC0031316,0
INC0031317,0
INC0031318,0
INC0031319,0
INC0031321,0
INC0031323,0
INC0031325,0
INC0031327,0
INC0031329,0
INC0031330,0
INC0031331,0
INC0031333,0
INC0031334,0
INC0031335,0
INC0031336,0
INC0031337,0
INC0031340,0
INC0031341,0
INC0031342,0
INC0031344,0
INC0031346,0
INC0031348,0
INC0031349,0
INC0031350,0
INC0031352,0
INC0031353,0
INC0031354,0
INC0031355,0
INC0031356,0
INC0031358,0
INC0031361,0
INC0031362,0
INC0031364,0
INC0031365,0
INC0031367,0
INC0031368,0
INC0031369,0
INC0031372,0
INC0031374,0
INC0031376,0
INC0031377,0
INC0031378,0
INC0031379,0
INC0031380,0
INC0031381,0
INC0031382,0
INC0031384,0
INC0031385,0
INC0031386,0
INC0031387,0
INC0031388,0
INC0031389,0
INC0031391,0
INC0031392,0
INC0031393,0
INC0031394,0
INC0031395,0
INC0031396,0
INC0031397,0
INC0031398,0
INC0031399,0
INC0031400,0
INC0031401,0
INC0031402,0
INC0031403,0
INC0031404,0
INC0031406,0
INC0031407,0
INC0031412,0
INC0031414,0
INC0031415,0
INC0031416,0
INC0031417,0
INC0031418,0
INC0031420,0
INC0031421,0
INC0031422,0
INC0031423,0
INC0031424,0
INC0031425,0
INC0031426,0
INC0031427,0
INC0031430,0
INC0031432,0
INC0031433,0
INC0031435,0
INC0031436,0
INC0031437,0
INC0031438,0
INC0031439,0
INC0031440,0
INC0031441,0
INC0031444,0
INC0031445,0
INC0031446,0
INC0031447,0
INC0031448,0
INC0031451,0
INC0031452,0
INC0031454,0
INC0031456,0
INC0031457,0
INC0031458,0
INC0031459,0
INC0031460,0
INC0031461,0
INC0031463,0
INC0031464,0
INC0031465,0
INC0031466,0
INC0031467,0
INC0031468,0
INC0031470,0
INC0031471,0
INC0031472,0
INC0031473,0
INC0031474,0
INC0031476,0
INC0031478,0
INC0031479,0
INC0031480,0
INC0031481,0
INC0031482,0
INC0031485,0
INC0031486,0
INC0031487,0
INC0031488,0
INC0031489,0
INC0031490,0
INC0031491,0
INC0031492,0
INC0031493,0
INC0031494,0
INC0031495,0
INC0031497,0
INC0031498,0
INC0031499,0
INC0031502,0
INC0031503,0
INC0031505,0
INC0031507,0
INC0031508,0
INC0031509,0
INC0031512,0
INC0031513,0
INC0031515,0
INC0031518,0
INC0031519,0
INC0031520,0
INC0031521,0
INC0031522,0
INC0031523,0
INC0031524,0
INC0031526,0
INC0031527,0
INC0031528,0
INC0031530,0
INC0031531,0
INC0031532,0
INC0031533,0
INC0031534,0
INC0031536,0
INC0031539,0
INC0031540,0
INC0031542,0
INC0031543,0
INC0031545,0
INC0031546,0
INC0031547,0
INC0031549,0
INC0031550,0
INC0031551,0
INC0031553,0
INC0031554,0
INC0031555,0
INC0031557,0
INC0031558,0
INC0031559,0
INC0031561,0
INC0031562,0
INC0031563,0
INC0031564,0
INC0031566,0
INC0031567,0
INC0031568,0
INC0031569,0
INC0031572,0
INC0031573,0
INC0031574,0
INC0031576,0
INC0031577,0
INC0031578,0
INC0031579,0
INC0031581,0
INC0031582,0
INC0031583,0
INC0031584,0
INC0031585,0
INC0031586,0
INC0031587,0
INC0031589,0
INC0031590,0
INC0031592,0
INC0031593,0
INC0031594,0
INC0031595,0
INC0031596,0
INC0031597,0
INC0031598,0
INC0031599,0
INC0031600,0
INC0031601,0
INC0031602,0
INC0031603,0
INC0031605,0
INC0031606,0
INC0031607,0
INC0031608,0
INC0031609,0
INC0031610,0
INC0031611,0
INC0031614,0
INC0031615,0
INC0031616,0
INC0031617,0
INC0031620,0
INC0031622,0
INC0031623,0
INC0031624,0
INC0031625,0
INC0031627,0
INC0031628,0
INC0031631,0
INC0031632,0
INC0031633,0
INC0031634,0
INC0031635,0
INC0031636,0
INC0031637,0
INC0031640,0
INC0031641,0
INC0031643,0
INC0031644,0
INC0031646,0
INC0031647,0
INC0031650,0
INC0031651,0
INC0031652,0
INC0031653,0
INC0031654,0
INC0031655,0
INC0031656,0
INC0031657,0
INC0031658,0
INC0031659,0
INC0031660,0
INC0031662,0
INC0031664,0
INC0031665,0
INC0031667,0
INC0031668,0
INC0031669,0
INC0031670,0
INC0031671,0
INC0031673,0
INC0031674,0
INC0031675,0
INC0031676,0
INC0031677,0
INC0031678,0
INC0031679,0
INC0031680,0
INC0031681,0
INC0031682,0
INC0031683,0
INC0031684,0
INC0031685,0
INC0031686,0
INC0031688,0
INC0031689,0
INC0031690,0
INC0031692,0
INC0031693,0
INC0031694,0
INC0031695,0
INC0031696,0
INC0031697,0
INC0031698,0
INC0031700,0
INC0031701,0
INC0031702,0
INC0031704,0
INC0031705,0
INC0031706,0
INC0031707,0
INC0031708,0
INC0031709,0
INC0031712,0
INC0031713,0
INC0031714,0
INC0031715,0
INC0031717,0
INC0031719,0
INC0031720,0
INC0031723,0
INC0031724,0
INC0031725,0
INC0031728,0
INC0031729,0
INC0031730,0
INC0031731,0
INC0031732,0
INC0031734,0
INC0031735,0
INC0031736,0
INC0031738,0
INC0031739,0
INC0031740,0
INC0031743,0
INC0031744,0
INC0031745,0
INC0031746,0
INC0031747,0
INC0031748,0
INC0031749,0
INC0031750,0
INC0031754,0
INC0031756,0
INC0031758,0
INC0031759,0
INC0031760,0
INC0031761,0
INC0031762,0
INC0031763,0
INC0031764,0
INC0031765,0
INC0031766,0
INC0031767,0
INC0031769,0
INC0031770,0
INC0031771,0
INC0031772,0
INC0031773,0
INC0031774,0
INC0031775,0
INC0031776,0
INC0031777,0
INC0031778,0
INC0031779,0
INC0031780,0
INC0031781,0
INC0031783,0
INC0031784,0
INC0031788,0
INC0031789,0
INC0031790,0
INC0031791,0
INC0031794,0
INC0031795,0
INC0031797,0
INC0031798,0
INC0031799,0
INC0031800,0
INC0031803,0
INC0031804,0
INC0031805,0
INC0031806,0
INC0031808,0
INC0031809,0
INC0031810,0
INC0031811,0
INC0031812,0
INC0031813,0
INC0031814,0
INC0031815,0
INC0031816,0
INC0031818,0
INC0031819,0
INC0031820,0
INC0031821,0
INC0031823,0
INC0031824,0
INC0031825,0
INC0031826,0
INC0031827,0
INC0031828,0
INC0031829,0
INC0031831,0
INC0031834,0
INC0031835,0
INC0031836,0
INC0031837,0
INC0031838,0
INC0031839,0
INC0031840,0
INC0031841,0
INC0031843,0
INC0031844,0
INC0031845,0
INC0031846,0
INC0031847,0
INC0031848,0
INC0031849,0
INC0031850,0
INC0031856,0
INC0031857,0
INC0031858,0
INC0031859,0
INC0031860,0
INC0031861,0
INC0031862,0
INC0031865,0
INC0031866,0
INC0031868,0
INC0031869,0
INC0031870,0
INC0031871,0
INC0031872,0
INC0031873,0
INC0031874,0
INC0031875,0
INC0031876,0
INC0031877,0
INC0031878,0
INC0031879,0
INC0031880,0
INC0031881,0
INC0031882,0
INC0031883,0
INC0031887,0
INC0031888,0
INC0031889,0
INC0031890,0
INC0031891,0
INC0031892,0
INC0031893,0
INC0031894,0
INC0031895,0
INC0031896,0
INC0031897,0
INC0031898,0
INC0031899,0
INC0031900,0
INC0031901,0
INC0031902,0
INC0031903,0
INC0031904,0
INC0031906,0
INC0031908,0
INC0031909,0
INC0031910,0
INC0031911,0
INC0031912,0
INC0031913,0
INC0031914,0
INC0031915,0
INC0031916,0
INC0031917,0
INC0031918,0
INC0031920,0
INC0031921,0
INC0031922,0
INC0031923,0
INC0031926,0
INC0031927,0
INC0031933,0
INC0031934,0
INC0031937,0
INC0031938,0
INC0031940,0
INC0031942,0
INC0031943,0
INC0031944,0
INC0031945,0
INC0031946,0
INC0031947,0
INC0031948,0
INC0031949,0
INC0031950,0
INC0031951,0
INC0031952,0
INC0031953,0
INC0031954,0
INC0031955,0
INC0031956,0
INC0031958,0
INC0031959,0
INC0031960,0
INC0031961,0
INC0031962,0
INC0031963,0
INC0031964,0
INC0031965,0
INC0031966,0
INC0031967,0
INC0031968,0
INC0031969,0
INC0031970,0
INC0031971,0
INC0031972,0
INC0031974,0
INC0031975,0
INC0031976,0
INC0031977,0
INC0031978,0
INC0031979,0
INC0031980,0
INC0031983,0
INC0031986,0
INC0031987,0
INC0031989,0
INC0031990,0
INC0031991,0
INC0031993,0
INC0031994,0
INC0031996,0
INC0031997,0
INC0032000,0
INC0032001,0
INC0032002,0
INC0032003,0
INC0032004,0
INC0032006,0
INC0032007,0
INC0032008,0
INC0032009,0
INC0032010,0
INC0032011,0
INC0032013,0
INC0032015,0
INC0032016,0
INC0032017,0
INC0032019,0
INC0032020,0
INC0032021,0
INC0032022,0
INC0032023,0
INC0032024,0
INC0032025,0
INC0032026,0
INC0032027,0
INC0032028,0
INC0032029,0
INC0032030,0
INC0032031,0
INC0032034,0
INC0032036,0
INC0032037,0
INC0032038,0
INC0032039,0
INC0032040,0
INC0032041,0
INC0032042,0
INC0032044,0
INC0032045,0
INC0032046,0
INC0032047,0
INC0032048,0
INC0032052,0
INC0032053,0
INC0032054,0
INC0032057,0
INC0032059,0
INC0032060,0
INC0032061,0
INC0032062,0
INC0032063,0
INC0032064,0
INC0032065,0
INC0032066,0
INC0032067,0
INC0032069,0
INC0032070,0
INC0032071,0
INC0032073,0
INC0032074,0
INC0032075,0
INC0032076,0
INC0032078,0
INC0032079,0
INC0032080,0
INC0032081,0
INC0032082,0
INC0032083,0
INC0032084,0
INC0032085,0
INC0032086,0
INC0032087,0
INC0032088,0
INC0032089,0
INC0032090,0
INC0032091,0
INC0032092,0
INC0032093,0
INC0032094,0
INC0032095,0
INC0032097,0
INC0032098,0
INC0032099,0
INC0032100,0
INC0032101,0
INC0032102,0
INC0032104,0
INC0032105,0
INC0032106,0
INC0032107,0
INC0032108,0
INC0032110,0
INC0032111,0
INC0032112,0
INC0032114,0
INC0032115,0
INC0032116,0
INC0032117,0
INC0032118,0
INC0032119,0
INC0032120,0
INC0032121,0
INC0032124,0
INC0032125,0
INC0032126,0
INC0032127,0
INC0032128,0
INC0032129,0
INC0032130,0
INC0032131,0
INC0032132,0
INC0032133,0
INC0032134,0
INC0032135,0
INC0032136,0
INC0032137,0
INC0032138,0
INC0032139,0
INC0032141,0
INC0032142,0
INC0032145,0
INC0032147,0
INC0032148,0
INC0032149,0
INC0032150,0
INC0032151,0
INC0032152,0
INC0032154,0
INC0032155,0
INC0032157,0
INC0032158,0
INC0032159,0
INC0032160,0
INC0032161,0
INC0032162,0
INC0032163,0
INC0032164,0
INC0032167,0
INC0032168,0
INC0032169,0
INC0032170,0
INC0032171,0
INC0032172,0
INC0032177,0
INC0032178,0
INC0032179,0
INC0032180,0
INC0032183,0
INC0032184,0
INC0032185,0
INC0032186,0
INC0032187,0
INC0032189,0
INC0032190,0
INC0032192,0
INC0032193,0
INC0032195,0
INC0032196,0
INC0032197,0
INC0032198,0
INC0032199,0
INC0032200,0
INC0032201,0
INC0032202,0
INC0032203,0
INC0032204,0
INC0032205,0
INC0032206,0
INC0032207,0
INC0032208,0
INC0032209,0
INC0032210,0
INC0032211,0
INC0032212,0
INC0032213,0
INC0032215,0
INC0032216,0
INC0032218,0
INC0032221,0
INC0032222,0
INC0032224,0
INC0032226,0
INC0032230,0
INC0032231,0
INC0032232,0
INC0032233,0
INC0032234,0
INC0032235,0
INC0032236,0
INC0032237,0
INC0032239,0
INC0032240,0
INC0032241,0
INC0032242,0
INC0032243,0
INC0032245,0
INC0032247,0
INC0032248,0
INC0032249,0
INC0032250,0
INC0032252,0
INC0032253,0
INC0032254,0
INC0032255,0
INC0032256,0
INC0032258,0
INC0032259,0
INC0032260,0
INC0032261,0
INC0032262,0
INC0032263,0
INC0032265,0
INC0032267,0
INC0032268,0
INC0032269,0
INC0032270,0
INC0032273,0
INC0032276,0
INC0032277,0
INC0032278,0
INC0032279,0
INC0032280,0
INC0032281,0
INC0032282,0
INC0032283,0
INC0032285,0
INC0032286,0
INC0032287,0
INC0032288,0
INC0032290,0
INC0032291,0
INC0032292,0
INC0032293,0
INC0032294,0
INC0032296,0
INC0032297,0
INC0032298,0
INC0032299,0
INC0032300,0
INC0032301,0
INC0032302,0
INC0032303,0
INC0032304,0
INC0032305,0
INC0032306,0
INC0032307,0
INC0032309,0
INC0032310,0
INC0032311,0
INC0032312,0
INC0032313,0
INC0032315,0
INC0032316,0
INC0032317,0
INC0032319,0
INC0032320,0
INC0032322,0
INC0032323,0
INC0032324,0
INC0032326,0
INC0032328,0
INC0032329,0
INC0032332,0
INC0032333,0
INC0032334,0
INC0032335,0
INC0032336,0
INC0032337,0
INC0032338,0
INC0032339,0
INC0032341,0
INC0032344,0
INC0032345,0
INC0032346,0
INC0032347,0
INC0032348,0
INC0032349,0
INC0032351,0
INC0032352,0
INC0032356,0
INC0032358,0
INC0032359,0
INC0032360,0
INC0032361,0
INC0032363,0
INC0032364,0
INC0032365,0
INC0032366,0
INC0032367,0
INC0032368,0
INC0032370,0
INC0032371,0
INC0032372,0
INC0032373,0
INC0032374,0
INC0032375,0
INC0032376,0
INC0032377,0
INC0032378,0
INC0032379,0
INC0032380,0
INC0032381,0
INC0032382,0
INC0032383,0
INC0032384,0
INC0032385,0
INC0032386,0
INC0032387,0
INC0032388,0
INC0032389,0
INC0032390,0
INC0032391,0
INC0032392,0
INC0032393,0
INC0032395,0
INC0032396,0
INC0032397,0
INC0032398,0
INC0032400,0
INC0032401,0
INC0032403,0
INC0032404,0
INC0032405,0
INC0032406,0
INC0032408,0
INC0032410,0
INC0032411,0
INC0032412,0
INC0032413,0
INC0032414,0
INC0032415,0
INC0032416,0
INC0032418,0
INC0032421,0
INC0032423,0
INC0032424,0
INC0032425,0
INC0032426,0
INC0032428,0
INC0032429,0
INC0032431,0
INC0032432,0
INC0032433,0
INC0032434,0
INC0032435,0
INC0032437,0
INC0032439,0
INC0032440,0
INC0032441,0
INC0032443,0
INC0032444,0
INC0032445,0
INC0032446,0
INC0032448,0
INC0032449,0
INC0032450,0
INC0032451,0
INC0032452,0
INC0032453,0
INC0032454,0
INC0032455,0
INC0032456,0
INC0032457,0
INC0032458,0
INC0032459,0
INC0032460,0
INC0032461,0
INC0032462,0
INC0032463,0
INC0032464,0
INC0032465,0
INC0032466,0
INC0032469,0
INC0032470,0
INC0032473,0
INC0032475,0
INC0032478,0
INC0032479,0
INC0032480,0
INC0032481,0
INC0032482,0
INC0032484,0
INC0032485,0
INC0032486,0
INC0032487,0
INC0032488,0
INC0032489,0
INC0032490,0
INC0032491,0
INC0032492,0
INC0032493,0
INC0032495,0
INC0032498,0
INC0032500,0
INC0032501,0
INC0032502,0
INC0032505,0
INC0032506,0
INC0032509,0
INC0032510,0
INC0032511,0
INC0032512,0
INC0032514,0
INC0032515,0
INC0032517,0
INC0032518,0
INC0032519,0
INC0032520,0
INC0032521,0
INC0032523,0
INC0032524,0
INC0032525,0
INC0032526,0
INC0032529,0
INC0032530,0
INC0032532,0
INC0032533,0
INC0032534,0
INC0032535,0
INC0032536,0
INC0032539,0
INC0032540,0
INC0032542,0
INC0032543,0
INC0032544,0
INC0032545,0
INC0032547,0
INC0032548,0
INC0032549,0
INC0032550,0
INC0032552,0
INC0032553,0
INC0032554,0
INC0032556,0
INC0032557,0
INC0032559,0
INC0032560,0
INC0032561,0
INC0032562,0
INC0032563,0
INC0032564,0
INC0032565,0
INC0032566,0
INC0032567,0
INC0032568,0
INC0032571,0
INC0032572,0
INC0032574,0
INC0032575,0
INC0032576,0
INC0032577,0
INC0032578,0
INC0032579,0
INC0032581,0
INC0032582,0
INC0032587,0
INC0032588,0
INC0032589,0
INC0032590,0
INC0032591,0
INC0032592,0
INC0032593,0
INC0032594,0
INC0032595,0
INC0032596,0
INC0032597,0
INC0032598,0
INC0032599,0
INC0032603,0
INC0032604,0
INC0032605,0
INC0032606,0
INC0032608,0
INC0032609,0
INC0032610,0
INC0032611,0
INC0032613,0
INC0032614,0
INC0032615,0
INC0032616,0
INC0032619,0
INC0032620,0
INC0032623,0
INC0032624,0
INC0032625,0
INC0032626,0
INC0032627,0
INC0032628,0
INC0032629,0
INC0032632,0
INC0032633,0
INC0032634,0
INC0032635,0
INC0032636,0
INC0032637,0
INC0032639,0
INC0032640,0
INC0032641,0
INC0032642,0
INC0032643,0
INC0032644,0
INC0032645,0
INC0032646,0
INC0032647,0
INC0032648,0
INC0032649,0
INC0032650,0
INC0032651,0
INC0032652,0
INC0032653,0
INC0032654,0
INC0032656,0
INC0032657,0
INC0032658,0
INC0032659,0
INC0032660,0
INC0032661,0
INC0032663,0
INC0032664,0
INC0032665,0
INC0032666,0
INC0032668,0
INC0032669,0
INC0032672,0
INC0032673,0
INC0032674,0
INC0032675,0
INC0032676,0
INC0032678,0
INC0032679,0
INC0032680,0
INC0032681,0
INC0032684,0
INC0032685,0
INC0032686,0
INC0032687,0
INC0032688,0
INC0032689,0
INC0032690,0
INC0032691,0
INC0032693,0
INC0032694,0
INC0032695,0
INC0032696,0
INC0032697,0
INC0032698,0
INC0032699,0
INC0032700,0
INC0032703,0
INC0032706,0
INC0032707,0
INC0032708,0
INC0032709,0
INC0032710,0
INC0032711,0
INC0032712,0
INC0032714,0
INC0032715,0
INC0032716,0
INC0032719,0
INC0032720,0
INC0032721,0
INC0032722,0
INC0032723,0
INC0032724,0
INC0032725,0
INC0032727,0
INC0032728,0
INC0032730,0
INC0032731,0
INC0032732,0
INC0032733,0
INC0032734,0
INC0032735,0
INC0032736,0
INC0032737,0
INC0032738,0
INC0032739,0
INC0032740,0
INC0032741,0
INC0032742,0
INC0032743,0
INC0032744,0
INC0032745,0
INC0032746,0
INC0032747,0
INC0032748,0
INC0032749,0
INC0032750,0
INC0032752,0
INC0032753,0
INC0032755,0
INC0032756,0
INC0032757,0
INC0032758,0
INC0032759,0
INC0032761,0
INC0032762,0
INC0032763,0
INC0032764,0
INC0032767,0
INC0032768,0
INC0032769,0
INC0032771,0
INC0032772,0
INC0032773,0
INC0032774,0
INC0032775,0
INC0032776,0
INC0032778,0
INC0032779,0
INC0032780,0
INC0032784,0
INC0032785,0
INC0032791,0
INC0032792,0
INC0032793,0
INC0032795,0
INC0032796,0
INC0032797,0
INC0032798,0
INC0032800,0
INC0032801,0
INC0032802,0
INC0032804,0
INC0032805,0
INC0032807,0
INC0032808,0
INC0032810,0
INC0032811,0
INC0032812,0
INC0032813,0
INC0032814,0
INC0032815,0
INC0032816,0
INC0032819,0
INC0032821,0
INC0032823,0
INC0032824,0
INC0032826,0
INC0032827,0
INC0032828,0
INC0032829,0
INC0032830,0
INC0032831,0
INC0032832,0
INC0032833,0
INC0032834,0
INC0032835,0
INC0032836,0
INC0032837,0
INC0032838,0
INC0032839,0
INC0032840,0
INC0032841,0
INC0032843,0
INC0032844,0
INC0032845,0
INC0032846,0
INC0032848,0
INC0032849,0
INC0032850,0
INC0032851,0
INC0032852,0
INC0032853,0
INC0032854,0
INC0032856,0
INC0032857,0
INC0032858,0
INC0032863,0
INC0032864,0
INC0032865,0
INC0032866,0
INC0032868,0
INC0032870,0
INC0032872,0
INC0032873,0
INC0032874,0
INC0032875,0
INC0032876,0
INC0032877,0
INC0032878,0
INC0032880,0
INC0032881,0
INC0032883,0
INC0032884,0
INC0032885,0
INC0032886,0
INC0032888,0
INC0032892,0
INC0032893,0
INC0032894,0
INC0032895,0
INC0032897,0
INC0032898,0
INC0032899,0
INC0032902,0
INC0032903,0
INC0032905,0
INC0032906,0
INC0032907,0
INC0032908,0
INC0032909,0
INC0032910,0
INC0032911,0
INC0032912,0
INC0032913,0
INC0032914,0
INC0032915,0
INC0032917,0
INC0032918,0
INC0032920,0
INC0032923,0
INC0032925,0
INC0032926,0
INC0032927,0
INC0032928,0
INC0032929,0
INC0032931,0
INC0032932,0
INC0032933,0
INC0032935,0
INC0032936,0
INC0032937,0
INC0032938,0
INC0032939,0
INC0032940,0
INC0032941,0
INC0032942,0
INC0032944,0
INC0032946,0
INC0032948,0
INC0032949,0
INC0032951,0
INC0032952,0
INC0032953,0
INC0032954,0
INC0032956,0
INC0032957,0
INC0032959,0
INC0032960,0
INC0032962,0
INC0032963,0
INC0032964,0
INC0032967,0
INC0032968,0
INC0032969,0
INC0032970,0
INC0032972,0
INC0032973,0
INC0032975,0
INC0032978,0
INC0032982,0
INC0032985,0
INC0032986,0
INC0032988,0
INC0032991,0
INC0032993,0
INC0032994,0
INC0032996,0
INC0033000,0
INC0033002,0
INC0033003,0
INC0033004,0
INC0033005,0
INC0033006,0
INC0033007,0
INC0033009,0
INC0033011,0
INC0033012,0
INC0033013,0
INC0033014,0
INC0033015,0
INC0033016,0
INC0033017,0
INC0033019,0
INC0033020,0
INC0033021,0
INC0033024,0
INC0033025,0
INC0033026,0
INC0033027,0
INC0033028,0
INC0033029,0
INC0033030,0
INC0033031,0
INC0033032,0
INC0033033,0
INC0033034,0
INC0033035,0
INC0033036,0
INC0033037,0
INC0033038,0
INC0033039,0
INC0033040,0
INC0033041,0
INC0033042,0
INC0033043,0
INC0033044,0
INC0033045,0
INC0033046,0
INC0033047,0
INC0033048,0
INC0033049,0
INC0033050,0
INC0033051,0
INC0033052,0
INC0033053,0
INC0033055,0
INC0033056,0
INC0033057,0
INC0033059,0
INC0033060,0
INC0033061,0
INC0033062,0
INC0033063,0
INC0033064,0
INC0033065,0
INC0033066,0
INC0033068,0
INC0033069,0
INC0033071,0
INC0033072,0
INC0033074,0
INC0033075,0
INC0033079,0
INC0033080,0
INC0033081,0
INC0033082,0
INC0033083,0
INC0033084,0
INC0033086,0
INC0033087,0
INC0033090,0
INC0033091,0
INC0033092,0
INC0033093,0
INC0033094,0
INC0033095,0
INC0033097,0
INC0033101,0
INC0033103,0
INC0033104,0
INC0033111,0
INC0033116,0
INC0033120,0
INC0033122,0
INC0033123,0
INC0033124,0
INC0033126,0
INC0033127,0
INC0033128,0
INC0033129,0
INC0033132,0
INC0033133,0
INC0033134,0
INC0033135,0
INC0033136,0
INC0033137,0
INC0033138,0
INC0033140,0
INC0033142,0
INC0033143,0
INC0033144,0
INC0033146,0
INC0033147,0
INC0033149,0
INC0033150,0
INC0033152,0
INC0033153,0
INC0033154,0
INC0033155,0
INC0033157,0
INC0033159,0
INC0033160,0
INC0033162,0
INC0033163,0
INC0033164,0
INC0033166,0
INC0033168,0
INC0033170,0
INC0033171,0
INC0033172,0
INC0033173,0
INC0033174,0
INC0033175,0
INC0033176,0
INC0033177,0
INC0033178,0
INC0033179,0
INC0033180,0
INC0033181,0
INC0033182,0
INC0033184,0
INC0033185,0
INC0033188,0
INC0033191,0
INC0033193,0
INC0033194,0
INC0033197,0
INC0033198,0
INC0033199,0
INC0033200,0
INC0033204,0
INC0033205,0
INC0033207,0
INC0033208,0
INC0033209,0
INC0033211,0
INC0033212,0
INC0033214,0
INC0033215,0
INC0033217,0
INC0033218,0
INC0033219,0
INC0033221,0
INC0033222,0
INC0033225,0
INC0033226,0
INC0033230,0
INC0033232,0
INC0033233,0
INC0033234,0
INC0033235,0
INC0033236,0
INC0033237,0
INC0033239,0
INC0033240,0
INC0033242,0
INC0033243,0
INC0033244,0
INC0033245,0
INC0033246,0
INC0033247,0
INC0033252,0
INC0033254,0
INC0033255,0
INC0033256,0
INC0033257,0
INC0033258,0
INC0033259,0
INC0033260,0
INC0033261,0
INC0033262,0
INC0033263,0
INC0033264,0
INC0033265,0
INC0033266,0
INC0033267,0
INC0033268,0
INC0033269,0
INC0033271,0
INC0033272,0
INC0033273,0
INC0033276,0
INC0033277,0
INC0033278,0
INC0033279,0
INC0033280,0
INC0033281,0
INC0033282,0
INC0033283,0
INC0033284,0
INC0033286,0
INC0033287,0
INC0033288,0
INC0033289,0
INC0033291,0
INC0033292,0
INC0033293,0
INC0033294,0
INC0033296,0
INC0033297,0
INC0033298,0
INC0033299,0
INC0033300,0
INC0033301,0
INC0033302,0
INC0033303,0
INC0033304,0
INC0033305,0
INC0033306,0
INC0033308,0
INC0033309,0
INC0033310,0
INC0033311,0
INC0033312,0
INC0033313,0
INC0033314,0
INC0033315,0
INC0033316,0
INC0033317,0
INC0033318,0
INC0033319,0
INC0033320,0
INC0033322,0
INC0033323,0
INC0033324,0
INC0033325,0
INC0033326,0
INC0033327,0
INC0033328,0
INC0033329,0
INC0033330,0
INC0033332,0
INC0033333,0
INC0033334,0
INC0033338,0
INC0033339,0
INC0033340,0
INC0033341,0
INC0033342,0
INC0033343,0
INC0033344,0
INC0033345,0
INC0033347,0
INC0033348,0
INC0033349,0
INC0033351,0
INC0033352,0
INC0033353,0
INC0033354,0
INC0033355,0
INC0033356,0
INC0033357,0
INC0033359,0
INC0033360,0
INC0033364,0
INC0033366,0
INC0033367,0
INC0033368,0
INC0033369,0
INC0033371,0
INC0033372,0
INC0033374,0
INC0033375,0
INC0033376,0
INC0033377,0
INC0033378,0
INC0033380,0
INC0033381,0
INC0033382,0
INC0033383,0
INC0033384,0
INC0033386,0
INC0033387,0
INC0033388,0
INC0033389,0
INC0033390,0
INC0033391,0
INC0033392,0
INC0033393,0
INC0033394,0
INC0033395,0
INC0033396,0
INC0033397,0
INC0033398,0
INC0033401,0
INC0033403,0
INC0033404,0
INC0033407,0
INC0033408,0
INC0033409,0
INC0033410,0
INC0033411,0
INC0033412,0
INC0033415,0
INC0033416,0
INC0033417,0
INC0033418,0
INC0033420,0
INC0033421,0
INC0033422,0
INC0033423,0
INC0033424,0
INC0033426,0
INC0033427,0
INC0033428,0
INC0033429,0
INC0033430,0
INC0033431,0
INC0033432,0
INC0033433,0
INC0033434,0
INC0033436,0
INC0033438,0
INC0033439,0
INC0033440,0
INC0033441,0
INC0033442,0
INC0033444,0
INC0033445,0
INC0033447,0
INC0033448,0
INC0033450,0
INC0033451,0
INC0033452,0
INC0033454,0
INC0033455,0
INC0033456,0
INC0033457,0
INC0033459,0
INC0033462,0
INC0033463,0
INC0033464,0
INC0033492,0
INC0033493,0
INC0033494,0
INC0033495,0
INC0033497,0
INC0033498,0
INC0033499,0
INC0033501,0
INC0033502,0
INC0033503,0
INC0033504,0
INC0033505,0
INC0033506,0
INC0033508,0
INC0033509,0
INC0033510,0
INC0033512,0
INC0033513,0
INC0033516,0
INC0033518,0
INC0033520,0
INC0033521,0
INC0033522,0
INC0033523,0
INC0033524,0
INC0033525,0
INC0033527,0
INC0033529,0
INC0033530,0
INC0033531,0
INC0033532,0
INC0033533,0
INC0033534,0
INC0033537,0
INC0033538,0
INC0033539,0
INC0033540,0
INC0033541,0
INC0033542,0
INC0033544,0
INC0033545,0
INC0033546,0
INC0033547,0
INC0033548,0
INC0033549,0
INC0033550,0
INC0033551,0
INC0033553,0
INC0033554,0
INC0033555,0
INC0033558,0
INC0033560,0
INC0033561,0
INC0033562,0
INC0033563,0
INC0033564,0
INC0033565,0
INC0033566,0
INC0033567,0
INC0033568,0
INC0033569,0
INC0033571,0
INC0033573,0
INC0033574,0
INC0033575,0
INC0033577,0
INC0033579,0
INC0033582,0
INC0033583,0
INC0033584,0
INC0033585,0
INC0033586,0
INC0033587,0
INC0033588,0
INC0033589,0
INC0033590,0
INC0033592,0
INC0033593,0
INC0033594,0
INC0033595,0
INC0033596,0
INC0033598,0
INC0033599,0
INC0033600,0
INC0033601,0
INC0033602,0
INC0033603,0
INC0033605,0
INC0033606,0
INC0033607,0
INC0033608,0
INC0033609,0
INC0033610,0
INC0033611,0
INC0033613,0
INC0033614,0
INC0033615,0
INC0033616,0
INC0033617,0
INC0033618,0
INC0033621,0
INC0033622,0
INC0033623,0
INC0033624,0
INC0033627,0
INC0033628,0
INC0033629,0
INC0033630,0
INC0033631,0
INC0033632,0
INC0033633,0
INC0033634,0
INC0033639,0
INC0033643,0
INC0033644,0
INC0033646,0
INC0033647,0
INC0033648,0
INC0033649,0
INC0033650,0
INC0033651,0
INC0033653,0
INC0033654,0
INC0033655,0
INC0033656,0
INC0033657,0
INC0033658,0
INC0033660,0
INC0033661,0
INC0033662,0
INC0033663,0
INC0033665,0
INC0033667,0
INC0033668,0
INC0033669,0
INC0033670,0
INC0033671,0
INC0033672,0
INC0033674,0
INC0033675,0
INC0033676,0
INC0033677,0
INC0033679,0
INC0033681,0
INC0033682,0
INC0033683,0
INC0033684,0
INC0033686,0
INC0033687,0
INC0033689,0
INC0033690,0
INC0033691,0
INC0033692,0
INC0033693,0
INC0033694,0
INC0033695,0
INC0033697,0
INC0033698,0
INC0033700,0
INC0033701,0
INC0033702,0
INC0033703,0
INC0033704,0
INC0033705,0
INC0033706,0
INC0033708,0
INC0033709,0
INC0033710,0
INC0033711,0
INC0033712,0
INC0033713,0
INC0033714,0
INC0033715,0
INC0033716,0
INC0033717,0
INC0033718,0
INC0033719,0
INC0033720,0
INC0033721,0
INC0033722,0
INC0033723,0
INC0033724,0
INC0033725,0
INC0033726,0
INC0033727,0
INC0033728,0
INC0033729,0
INC0033731,0
INC0033732,0
INC0033733,0
INC0033734,0
INC0033735,0
INC0033736,0
INC0033738,0
INC0033739,0
INC0033740,0
INC0033741,0
INC0033742,0
INC0033744,0
INC0033747,0
INC0033748,0
INC0033751,0
INC0033752,0
INC0033753,0
INC0033754,0
INC0033756,0
INC0033757,0
INC0033758,0
INC0033760,0
INC0033761,0
INC0033762,0
INC0033764,0
INC0033766,0
INC0033767,0
INC0033768,0
INC0033769,0
INC0033770,0
INC0033771,0
INC0033773,0
INC0033774,0
INC0033779,0
INC0033781,0
INC0033785,0
INC0033787,0
INC0033788,0
INC0033789,0
INC0033790,0
INC0033791,0
INC0033792,0
INC0033793,0
INC0033794,0
INC0033795,0
INC0033797,0
INC0033798,0
INC0033801,0
INC0033802,0
INC0033803,0
INC0033804,0
INC0033805,0
INC0033806,0
INC0033807,0
INC0033808,0
INC0033809,0
INC0033810,0
INC0033811,0
INC0033813,0
INC0033815,0
INC0033818,0
INC0033819,0
INC0033820,0
INC0033821,0
INC0033823,0
INC0033824,0
INC0033825,0
INC0033826,0
INC0033827,0
INC0033828,0
INC0033829,0
INC0033830,0
INC0033831,0
INC0033832,0
INC0033833,0
INC0033834,0
INC0033835,0
INC0033836,0
INC0033837,0
INC0033838,0
INC0033839,0
INC0033842,0
INC0033843,0
INC0033844,0
INC0033845,0
INC0033846,0
INC0033847,0
INC0033848,0
INC0033849,0
INC0033850,0
INC0033851,0
INC0033852,0
INC0033853,0
INC0033854,0
INC0033855,0
INC0033856,0
INC0033857,0
INC0033858,0
INC0033859,0
INC0033860,0
INC0033861,0
INC0033862,0
INC0033863,0
INC0033866,0
INC0033867,0
INC0033869,0
INC0033870,0
INC0033871,0
INC0033873,0
INC0033876,0
INC0033877,0
INC0033878,0
INC0033879,0
INC0033880,0
INC0033881,0
INC0033882,0
INC0033883,0
INC0033884,0
INC0033885,0
INC0033887,0
INC0033888,0
INC0033889,0
INC0033894,0
INC0033895,0
INC0033896,0
INC0033897,0
INC0033898,0
INC0033899,0
INC0033901,0
INC0033902,0
INC0033905,0
INC0033906,0
INC0033908,0
INC0033909,0
INC0033910,0
INC0033915,0
INC0033916,0
INC0033917,0
INC0033918,0
INC0033920,0
INC0033923,0
INC0033926,0
INC0033927,0
INC0033929,0
INC0033931,0
INC0033932,0
INC0033933,0
INC0033934,0
INC0033935,0
INC0033936,0
INC0033938,0
INC0033939,0
INC0033940,0
INC0033942,0
INC0033943,0
INC0033945,0
INC0033946,0
INC0033948,0
INC0033949,0
INC0033951,0
INC0033952,0
INC0033953,0
INC0033954,0
INC0033955,0
INC0033956,0
INC0033957,0
INC0033958,0
INC0033960,0
INC0033961,0
INC0033962,0
INC0033963,0
INC0033964,0
INC0033965,0
INC0033966,0
INC0033967,0
INC0033969,0
INC0033970,0
INC0033971,0
INC0033974,0
INC0033975,0
INC0033976,0
INC0033978,0
INC0033979,0
INC0033980,0
INC0033983,0
INC0033985,0
INC0033986,0
INC0033987,0
INC0033990,0
INC0033993,0
INC0033994,0
INC0033995,0
INC0033996,0
INC0033997,0
INC0033999,0
INC0034000,0
INC0034001,0
INC0034002,0
INC0034003,0
INC0034004,0
INC0034005,0
INC0034006,0
INC0034007,0
INC0034010,0
INC0034011,0
INC0034013,0
INC0034014,0
INC0034016,0
INC0034017,0
INC0034018,0
INC0034019,0
INC0034020,0
INC0034021,0
INC0034023,0
INC0034025,0
INC0034026,0
INC0034027,0
INC0034028,0
INC0034029,0
INC0034030,0
INC0034031,0
INC0034032,0
INC0034033,0
INC0034034,0
INC0034035,0
INC0034038,0
INC0034039,0
INC0034040,0
INC0034041,0
INC0034043,0
INC0034044,0
INC0034045,0
INC0034046,0
INC0034047,0
INC0034048,0
INC0034050,0
INC0034051,0
INC0034052,0
INC0034053,0
INC0034054,0
INC0034056,0
INC0034059,0
INC0034060,0
INC0034061,0
INC0034062,0
INC0034064,0
INC0034066,0
INC0034067,0
INC0034068,0
INC0034069,0
INC0034074,0
INC0034125,0
INC0034126,0
INC0034127,0
INC0034128,0
INC0034129,0
INC0034130,0
INC0034131,0
INC0034132,0
INC0034133,0
INC0034134,0
INC0034135,0
INC0034136,0
INC0034138,0
INC0034141,0
INC0034142,0
INC0034143,0
INC0034144,0
INC0034145,0
INC0034146,0
INC0034147,0
INC0034148,0
INC0034149,0
INC0034150,0
INC0034151,0
INC0034152,0
INC0034153,0
INC0034159,0
INC0034160,0
INC0034161,0
INC0034163,0
INC0034164,0
INC0034168,0
INC0034169,0
INC0034170,0
INC0034171,0
INC0034172,0
INC0034173,0
INC0034174,0
INC0034175,0
INC0034176,0
INC0034177,0
INC0034178,0
INC0034179,0
INC0034180,0
INC0034181,0
INC0034183,0
INC0034186,0
INC0034188,0
INC0034189,0
INC0034190,0
INC0034191,0
INC0034196,0
INC0034198,0
INC0034199,0
INC0034200,0
INC0034206,0
INC0034207,0
INC0034208,0
INC0034209,0
INC0034210,0
INC0034211,0
INC0034213,0
INC0034214,0
INC0034215,0
INC0034216,0
INC0034217,0
INC0034219,0
INC0034221,0
INC0034223,0
INC0034224,0
INC0034225,0
INC0034226,0
INC0034228,0
INC0034229,0
INC0034230,0
INC0034232,0
INC0034233,0
INC0034234,0
INC0034236,0
INC0034237,0
INC0034238,0
INC0034239,0
INC0034240,0
INC0034241,0
INC0034242,0
INC0034244,0
INC0034245,0
INC0034248,0
INC0034249,0
INC0034250,0
INC0034251,0
INC0034252,0
INC0034254,0
INC0034255,0
INC0034257,0
INC0034258,0
INC0034259,0
INC0034260,0
INC0034261,0
INC0034262,0
INC0034263,0
INC0034264,0
INC0034265,0
INC0034266,0
INC0034267,0
INC0034268,0
INC0034269,0
INC0034270,0
INC0034271,0
INC0034272,0
INC0034273,0
INC0034274,0
INC0034275,0
INC0034276,0
INC0034277,0
INC0034278,0
INC0034279,0
INC0034280,0
INC0034281,0
INC0034282,0
INC0034283,0
INC0034285,0
INC0034287,0
INC0034288,0
INC0034289,0
INC0034291,0
INC0034292,0
INC0034293,0
INC0034294,0
INC0034295,0
INC0034297,0
INC0034298,0
INC0034299,0
INC0034301,0
INC0034303,0
INC0034304,0
INC0034305,0
INC0034308,0
INC0034309,0
INC0034310,0
INC0034311,0
INC0034312,0
INC0034313,0
INC0034314,0
INC0034315,0
INC0034316,0
INC0034318,0
INC0034320,0
INC0034321,0
INC0034322,0
INC0034323,0
INC0034324,0
INC0034325,0
INC0034328,0
INC0034329,0
INC0034330,0
INC0034331,0
INC0034332,0
INC0034333,0
INC0034334,0
INC0034335,0
INC0034336,0
INC0034338,0
INC0034339,0
INC0034340,0
INC0034341,0
INC0034342,0
INC0034343,0
INC0034344,0
INC0034345,0
INC0034346,0
INC0034348,0
INC0034350,0
INC0034351,0
INC0034352,0
INC0034354,0
INC0034355,0
INC0034356,0
INC0034357,0
INC0034358,0
INC0034359,0
INC0034360,0
INC0034362,0
INC0034363,0
INC0034364,0
INC0034365,0
INC0034367,0
INC0034368,0
INC0034369,0
INC0034370,0
INC0034372,0
INC0034374,0
INC0034375,0
INC0034376,0
INC0034378,0
INC0034380,0
INC0034381,0
INC0034382,0
INC0034384,0
INC0034385,0
INC0034387,0
INC0034388,0
INC0034389,0
INC0034390,0
INC0034391,0
INC0034392,0
INC0034393,0
INC0034394,0
INC0034395,0
INC0034398,0
INC0034399,0
INC0034401,0
INC0034402,0
INC0034403,0
INC0034404,0
INC0034405,0
INC0034406,0
INC0034407,0
INC0034408,0
INC0034409,0
INC0034412,0
INC0034413,0
INC0034415,0
INC0034416,0
INC0034418,0
INC0034419,0
INC0034421,0
INC0034422,0
INC0034423,0
INC0034424,0
INC0034425,0
INC0034426,0
INC0034427,0
INC0034428,0
INC0034429,0
INC0034431,0
INC0034432,0
INC0034433,0
INC0034434,0
INC0034435,0
INC0035024,0
INC0037768,0
INC0040267,0
INC0041123,0
INC0041652,0
INC0044114,0
INC0044260,0
INC0044690,0
INC0044988,0
INC0046271,0
INC0046429,0
INC0046593,0
INC0047485,0
INC0048349,0
INC0048357,0
INC0048652,0
INC0049186,0
INC0050310,0
INC0051748,0
INC0052223,0
INC0052225,0
INC0052316,0
INC0053001,0
INC0053383,0
INC0053910,0
INC0054729,0
INC0055160,0
INC0055441,0
INC0055665,0
INC0057013,0
INC0058950,0
INC0059354,0
INC0060687,0
INC0062300,0
INC0066611,0
INC0067182,0
INC0067382,0
INC0068424,0
INC0068836,0
INC0069274,0
INC0069401,0
INC0069866,0
INC0071288,0
INC0071300,0
INC0071318,0
INC0072288,0
INC0073797,0
INC0074026,0
INC0074038,0
INC0075438,0
INC0076582,0
INC0076801,0
INC0077515,0
INC0077924,0
INC0077966,0
INC0078044,0
INC0079035,0
INC0079724,0
INC0081152,0
INC0081177,0
INC0081415,0
INC0081730,0
INC0082574,0
INC0082634,0
INC0082685,0
INC0083078,0
INC0083083,0
INC0083132,0
INC0083217,0
INC0083599,0
INC0083732,0
INC0084124,0
INC0084763,0
INC0084790,0
INC0084869,0
INC0084918,0
INC0085035,0
INC0086739,0
INC0087455,0
INC0087568,0
INC0087967,0
INC0088271,0
INC0088327,0
INC0088481,0
INC0088623,0
INC0089111,0
INC0089307,0
INC0089429,0
INC0091855,0
INC0092643,0
INC0094555,0
INC0094776,0
INC0094897,0
INC0094996,0
INC0096017,0
INC0096025,0
INC0096840,0
INC0096999,0
INC0098027,0
INC0098310,0
INC0098346,0
INC0098596,0
INC0098681,0
INC0098696,0
INC0098852,0
INC0099106,0
INC0099197,0
INC0099652,0
INC0099708,0
INC0099711,0
INC0099860,0
INC0099948,0
INC0099986,0
INC0100291,0
INC0100382,0
INC0100383,0
INC0100609,0
INC0100994,0
INC0101020,0
INC0101381,0
INC0101552,0
INC0101875,0
INC0102026,0
INC0102037,0
INC0102310,0
INC0102711,0
INC0102712,0
INC0102713,0
INC0102715,0
INC0102727,0
INC0102762,0
INC0102891,0
INC0102970,0
INC0102978,0
INC0103143,0
INC0103256,0
INC0103305,0
INC0103406,0
INC0103428,0
INC0103469,0
INC0103506,0
INC0103724,0
INC0103733,0
INC0103762,0
INC0103919,0
INC0104208,0
INC0104232,0
INC0104559,0
INC0104572,0
INC0104628,0
INC0104649,0
INC0104706,0
INC0104905,0
INC0105320,0
INC0105551,0
INC0105669,0
INC0105740,0
INC0105742,0
INC0106051,0
INC0106092,0
INC0106104,0
INC0106206,0
INC0106327,0
INC0106395,0
INC0106443,0
INC0106579,0
INC0106584,0
INC0106703,0
INC0106713,0
INC0106714,0
INC0106906,0
INC0106953,0
INC0106993,0
INC0107346,0
INC0107571,0
INC0107645,0
INC0108046,0
INC0108121,0
INC0108374,0
INC0108440,0
INC0108640,0
INC0109010,0
INC0109039,0
INC0109164,0
INC0109244,0
INC0109298,0
INC0109381,0
INC0109599,0
INC0109656,0
INC0109911,0
INC0110373,0
INC0110558,0
INC0111152,0
INC0111740,0
INC0111993,0
INC0112185,0
INC0112380,0
INC0112421,0
INC0112559,0
INC0112706,0
INC0112734,0
INC0112927,0
INC0113045,0
INC0113197,0
INC0113256,0
INC0113313,0
INC0113461,0
INC0113549,0
INC0113674,0
INC0113694,0
INC0113812,0
INC0114260,0
INC0114267,0
INC0114313,0
INC0114499,0
INC0114513,0
INC0114835,0
INC0114861,0
INC0114952,0
INC0114999,0
INC0115004,0
INC0115012,0
INC0115019,0
INC0115038,0
INC0115093,0
INC0115145,0
INC0115203,0
INC0115205,0
INC0115279,0
INC0115409,0
INC0115417,0
INC0115494,0
INC0115504,0
INC0115553,0
INC0115686,0
INC0115729,0
INC0115739,0
INC0115743,0
INC0115839,0
INC0115897,0
INC0116227,0
INC0116554,0
INC0116746,0
INC0116895,0
INC0118026,0
INC0118042,0
INC0118143,0
INC0118370,0
INC0118591,0
INC0118593,0
INC0118608,0
INC0118633,0
INC0118678,0
INC0118690,0
INC0118747,0
INC0118791,0
INC0118906,0
INC0118917,0
INC0118952,0
INC0118999,0
INC0119241,0
INC0119289,0
INC0119390,0
INC0119392,0
INC0119457,0
INC0119983,0
INC0119987,0
INC0120268,0
INC0120303,0
INC0120304,0
INC0120319,0
INC0120495,0
INC0120835,0
INC0121064,0
